INSERT INTO `mydb`.`usuario` (`CPF`, `nome`, `sexo`, `dataNasc`) VALUES
('369.258.147-00', 'Tiago Mendes', 'Masculino', '1987-04-22'),
('159.753.486-00', 'Paula Freitas', 'Feminino', '1995-11-13'),
('852.741.963-00', 'Marcelo Araujo', 'Masculino', '1992-06-09'),
('951.753.357-00', 'Beatriz Moura', 'Feminino', '1996-12-17'),
('357.159.456-00', 'André Santos', 'Masculino', '1989-03-05'),
('123.654.789-00', 'Juliana Barreto', 'Feminino', '1994-01-28'),
('654.789.321-00', 'Rodrigo Cunha', 'Masculino', '1998-07-14'),
('987.321.654-00', 'Carla Ribeiro', 'Feminino', '2001-02-10'),
('741.852.963-00', 'Vinícius Lopes', 'Masculino', '1993-09-23'),
('258.369.147-00', 'Fernanda Silva', 'Feminino', '2000-05-18'),
('123.456.789-00', 'João Silva', 'Masculino', '1990-05-15'),
('987.654.321-00', 'Maria Oliveira', 'Feminino', '1985-10-20'),
('456.789.123-00', 'Carlos Souza', 'Masculino', '1993-07-12'),
('654.321.987-00', 'Ana Costa', 'Feminino', '1998-02-05'),
('321.654.987-00', 'Luiza Martins', 'Feminino', '2000-11-25'),
('789.123.456-00', 'Pedro Almeida', 'Masculino', '1992-03-10'),
('213.546.879-00', 'Fernanda Lima', 'Feminino', '1988-09-18'),
('546.879.213-00', 'Gabriel Ferreira', 'Masculino', '1995-06-22'),
('879.213.546-00', 'Camila Rocha', 'Feminino', '2001-12-03'),
('147.258.369-00', 'Renato Nogueira', 'Masculino', '1983-08-07');

INSERT INTO mydb.cargo (idCargo, nomeCargo, salario, cargaHora) 
VALUES
(01, 'Instrutor', 2500.00, '08:00:00'),  
(02, 'Recepcionista', 1800.00, '08:00:00'),  
(03, 'Aluno', 200.00, '04:00:00'),  
(04, 'Depiladora', 2000.00, '08:00:00'),  
(05, 'Supervisor', 3000.00, '08:00:00'),  
(06, 'Designer de Sobrancelhas', 200.00, '08:00:00'),  
(07, 'Cabeleireiro', 2700.00, '08:00:00'),  
(08, 'Manicure', 2000.00, '08:00:00'),  
(09, 'Pedicure', 200.00, '08:00:00'),  
(010, 'Massagista', 2400.00, '08:00:00');  

INSERT INTO `mydb`.`funcionario` (`matricula`, `nomeFuncionario`, `dataAdm`, `dataDem`, `dataNasc`, `nomeSocial`, `cargo_idCargo`) VALUES
(1, 'João Silva', '2020-01-15 09:00:00', NULL, '1985-05-20', NULL, 01),
(2, 'Maria Oliveira', '2019-06-10 09:00:00', '2023-03-01 18:00:00', '1990-11-10', 'Maria O.', 02),
(3, 'Pedro Santos', '2021-09-01 08:30:00', NULL, '1992-02-15', 'Pedro S.', 03),
(4, 'Ana Lima', '2020-12-05 09:15:00', '2022-07-20 17:30:00', '1988-07-25', NULL, 04),
(5, 'Carlos Pereira', '2018-03-18 09:00:00', NULL, '1980-10-30', NULL, 05),
(6, 'Fernanda Costa', '2022-01-10 09:00:00', NULL, '1995-03-05', 'Fernanda C.', 06),
(7, 'Gabriel Almeida', '2019-09-25 09:00:00', '2021-12-31 18:00:00', '1993-08-15', NULL, 07),
(8, 'Isabela Ferreira', '2021-05-10 09:00:00', NULL, '1997-12-22', 'Isa F.', 08),
(9, 'Ricardo Monteiro', '2020-08-15 09:00:00', NULL, '1989-04-05 00:00:00', 'Ricardo M.', 09 ),
(10, 'Juliana Souza', '2019-11-20 09:00:00', '2023-06-15 18:00:00', '1991-09-10', NULL, 010),
(11, 'Tiago Mendes', '2023-02-15 09:00:00', NULL, '1987-04-22', NULL, 07),
(12, 'Paula Freitas', '2023-03-10 08:30:00', NULL, '1995-11-13', NULL, 06),
(13, 'Marcelo Araujo', '2023-04-20 09:00:00', NULL, '1992-06-09', NULL, 08),
(14, 'Beatriz Moura', '2023-05-25 08:45:00', NULL, '1996-12-17', 'Beatriz M.', 09),
(15, 'André Santos', '2023-06-15 09:30:00', NULL, '1989-03-05', NULL, 10),
(16, 'Juliana Barreto', '2023-07-01 09:00:00', NULL, '1994-01-28', 'Juliana B.', 04),
(17, 'Rodrigo Cunha', '2023-08-12 09:15:00', NULL, '1998-07-14', NULL, 06),
(18, 'Carla Ribeiro', '2023-09-05 08:50:00', NULL, '2001-02-10', 'Carla R.', 07),
(19, 'Vinícius Lopes', '2023-10-10 09:00:00', NULL, '1993-09-23', NULL, 09),
(20, 'Fernanda Silva', '2023-11-15 09:00:00', NULL, '2000-05-18', 'Fernanda S.', 10);


INSERT INTO mydb.servico (idServico, nomeServico, valor) VALUES
(1, 'Corte de Cabelo', 50.00),
(2, 'Manicure', 30.00),
(3, 'Pedicure', 35.00),
(4, 'Escova', 60.00),
(5, 'Penteado', 80.00),
(6, 'Design de Barba', 25.00),
(7, 'Maquiagem Completa', 70.00),
(8, 'Depilação Completa', 90.00),
(9, 'Hidratação Capilar', 45.00),
(10, 'Design de Sobrancelha', 40.00),
(11, 'Massagem Relaxante', 120.00),
(12, 'Massagem Terapêutica', 150.00),
(13, 'Depilação Facial', 35.00),
(14, 'Manicure e Pedicure', 60.00);

INSERT INTO `mydb`.`agendamento` (`idAgendamento`, `valorPago`, `dataHora`, `formaPagamento`) VALUES
(1, 50.00, '2024-01-15 09:00:00', 'PIX'),
(2, 30.00, '2024-02-20 10:30:00', 'Cartão de Crédito'),
(3, 35.00, '2024-03-25 12:00:00', 'Cartão de Débito'),
(4, 60.00, '2024-04-10 13:30:00', 'Cartão de Débito'),
(5, 80.00, '2024-05-05 15:00:00', 'PIX'),
(6, 20.00, '2024-06-18 16:30:00', 'Cartão de Crédito'),
(7, 70.00, '2024-07-22 18:00:00', 'Cartão de Débito'),
(8, 40.00, '2024-08-12 09:00:00', 'PIX'),
(9, 45.00, '2024-09-14 10:30:00', 'Cartão de Crédito'),
(10, 25.00, '2024-11-05 12:00:00', 'PIX'),
(11, 45.00, '2024-12-03 10:00:00', 'Cartão de Crédito'),
(12, 35.00, '2024-12-04 11:30:00', 'PIX'),
(13, 60.00, '2024-12-05 14:00:00', 'Cartão de Débito'),
(14, 70.00, '2024-12-06 16:00:00', 'Cartão de Crédito'),
(15, 40.00, '2024-12-07 09:30:00', 'PIX'),
(16, 25.00, '2024-12-08 12:00:00', 'Cartão de Débito'),
(17, 50.00, '2024-12-09 15:00:00', 'Cartão de Crédito'),
(18, 30.00, '2024-12-10 10:30:00', 'PIX'),
(19, 80.00, '2024-12-11 13:00:00', 'Cartão de Débito'),
(20, 20.00, '2024-12-12 17:00:00', 'Cartão de Crédito'),
(21, 60.00, '2024-12-15 09:00:00', 'PIX'),
(22, 50.00, '2024-12-16 10:30:00', 'Cartão de Crédito'),
(23, 30.00, '2024-12-17 11:00:00', 'Cartão de Débito'),
(24, 35.00, '2024-12-18 14:30:00', 'PIX'),
(25, 80.00, '2024-12-19 16:00:00', 'Cartão de Débito'),
(26, 120.00, '2024-12-20 17:00:00', 'Cartão de Crédito'),
(27, 70.00, '2024-12-21 09:30:00', 'PIX'),
(28, 45.00, '2024-12-22 10:00:00', 'Cartão de Crédito'),
(29, 25.00, '2024-12-23 12:00:00', 'Cartão de Débito'),
(30, 90.00, '2024-12-24 13:30:00', 'PIX'),
(31, 60.00, '2024-12-25 15:00:00', 'Cartão de Crédito'),
(32, 70.00, '2024-12-26 10:30:00', 'PIX'),
(33, 40.00, '2024-12-27 11:45:00', 'Cartão de Débito'),
(34, 200.00, '2024-12-28 13:00:00', 'PIX'),
(35, 35.00, '2024-12-29 14:00:00', 'Cartão de Crédito'),
(36, 40.00, '2024-12-30 16:00:00', 'PIX'),
(37, 100.00, '2024-12-31 10:00:00', 'Cartão de Débito'),
(38, 150.00, '2025-01-02 09:00:00', 'PIX'),
(39, 45.00, '2025-01-03 11:00:00', 'Cartão de Crédito'),
(40, 60.00, '2025-01-04 12:00:00', 'PIX');

INSERT INTO mydb.agendamentoMarcado (usuario_CPF, funcionario_matricula, agendamento_idAgendamento) 
VALUES
('123.456.789-00', 8, 4),
('987.654.321-00', 5, 7),
('456.789.123-00', 10, 2),
('654.321.987-00', 3, 6),
('321.654.987-00', 9, 1),
('789.123.456-00', 2, 9),
('213.546.879-00', 6, 10),
('546.879.213-00', 7, 3),
('879.213.546-00', 1, 5),
('147.258.369-00', 4, 8),
('852.741.963-00', 17, 15),
('258.369.147-00', 12, 18),
('654.789.321-00', 13, 20),
('951.753.357-00', 19, 16),
('123.654.789-00', 14, 11),
('369.258.147-00', 20, 14),
('159.753.486-00', 11, 13),
('741.852.963-00', 18, 17),
('987.321.654-00', 15, 19),
('357.159.456-00', 16, 12),
('123.456.789-00', 7, 21),
('456.789.123-00', 8, 22),
('654.321.987-00', 6, 23),
('321.654.987-00', 9, 24),
('987.654.321-00', 10, 25),
('789.123.456-00', 11, 26),
('213.546.879-00', 12, 27),
('546.879.213-00', 13, 28),
('741.852.963-00', 14, 29),
('369.258.147-00', 15, 30),
('852.741.963-00', 16, 31),
('951.753.357-00', 17, 32),
('357.159.456-00', 18, 33),
('987.321.654-00', 19, 34),
('654.789.321-00', 20, 35),
('159.753.486-00', 1, 36),
('147.258.369-00', 2, 37),
('123.654.789-00', 3, 38),
('213.546.879-00', 4, 39),
('456.789.123-00', 5, 40);

INSERT INTO mydb.servicoagendado (servico_idServico, agendamento_idAgendamento) VALUES
(1, 11), 
(2, 12), 
(3, 13), 
(4, 14), 
(5, 15), 
(6, 16), 
(7, 17), 
(8, 18), 
(9, 19), 
(10, 20), 
(11, 15), 
(3, 14), 
(8, 18), 
(9, 19), 
(6, 12), 
(10, 20), 
(2, 16), 
(7, 11), 
(4, 14), 
(12, 17),
(1, 21), 
(4, 22), 
(6, 23), 
(3, 24), 
(7, 25), 
(11, 26), 
(5, 27), 
(8, 28), 
(9, 29), 
(2, 30), 
(12, 31), 
(10, 32), 
(13, 33), 
(14, 34), 
(6, 35), 
(9, 36), 
(4, 37), 
(7, 38), 
(8, 39), 
(11, 40);


INSERT INTO `mydb`.`telefonefuncionario` (`numero`, `funcionario_matricula`) VALUES
(8199111111, 1),
(8199222222, 2),
(8199333333, 3),
(8199444444, 4),
(8199555555, 5),
(8199666666, 6),
(8199777777, 7),
(8199888888, 8),
(8199999999, 9),
(8199101010, 10),
(8199121212, 11),
(8199131313, 12),
(8199141414, 13),
(8199151515, 14),
(8199161616, 15),
(8199171717, 16),
(8199181818, 17),
(8199191919, 18),
(8199202020, 19),
(8199212121, 20);

INSERT INTO `mydb`.`telefoneusuario` (`numero`, `usuario_CPF`) VALUES
(8199123456, '123.456.789-00'),
(8199654321, '987.654.321-00'),
(8199789123, '456.789.123-00'),
(8199321987, '654.321.987-00'),
(8199654987, '321.654.987-00'),
(8199123789, '789.123.456-00'),
(8199546879, '213.546.879-00'),
(8199879213, '546.879.213-00'),
(8199213546, '879.213.546-00'),
(8199258369, '147.258.369-00'),
(8199369258, '369.258.147-00'),
(8199753486, '159.753.486-00'),
(8199741852, '852.741.963-00'),
(8199753951, '951.753.357-00'),
(8199159357, '357.159.456-00'),
(8199654123, '123.654.789-00'),
(8199789654, '654.789.321-00'),
(8199321987, '987.321.654-00'),
(8199852741, '741.852.963-00'),
(8199369258, '258.369.147-00');

INSERT INTO `mydb`.`funcionarioEndereco` (`funcionario_matricula`, `rua`, `bairro`, `cidade`) VALUES
(1, 'Rua da Aurora', 'Santo Amaro', 'Recife'),
(2, 'Avenida Presidente Kennedy', 'Peixinhos', 'Olinda'),
(3, 'Rua do Sol', 'Boa Vista', 'Recife'),
(4, 'Rua 15 de Novembro', 'Varadouro', 'Olinda'),
(5, 'Rua Imperial', 'São José', 'Recife'),
(6, 'Avenida Getúlio Vargas', 'Jardim Atlântico', 'Olinda'),
(7, 'Rua Conselheiro Portela', 'Espinheiro', 'Recife'),
(8, 'Rua do Amparo', 'Amparo', 'Olinda'),
(9, 'Avenida Conde da Boa Vista', 'Soledade', 'Recife'),
(10, 'Rua São Bento', 'Carmo', 'Olinda'),
(11, 'Rua da Harmonia', 'Casa Amarela', 'Recife'),
(12, 'Avenida Perimetral', 'Rio Doce', 'Olinda'),
(13, 'Rua Desembargador Góes Cavalcante', 'Derby', 'Recife'),
(14, 'Avenida Marcos Freire', 'Bairro Novo', 'Olinda'),
(15, 'Rua do Futuro', 'Graças', 'Recife'),
(16, 'Rua Professor José Cândido Pessoa', 'Bultrins', 'Olinda'),
(17, 'Rua das Creoulas', 'Boa Vista', 'Recife'),
(18, 'Rua São Francisco', 'Varadouro', 'Olinda'),
(19, 'Rua Benfica', 'Madalena', 'Recife'),
(20, 'Avenida Joaquim Nabuco', 'Centro', 'Olinda');

INSERT INTO `mydb`.`usuarioEndereco` (`usuario_CPF`, `rua`, `bairro`, `cidade`) VALUES
('369.258.147-00', 'Rua da Aurora', 'Boa Vista', 'Recife'),
('159.753.486-00', 'Rua do Sol', 'Carmo', 'Olinda'),
('852.741.963-00', 'Rua das Palmeiras', 'Casa Forte', 'Recife'),
('951.753.357-00', 'Rua do Amparo', 'Amparo', 'Olinda'),
('357.159.456-00', 'Avenida Rui Barbosa', 'Graças', 'Recife'),
('123.654.789-00', 'Rua Sete de Setembro', 'Varadouro', 'Olinda'),
('654.789.321-00', 'Rua da Harmonia', 'Tamarineira', 'Recife'),
('987.321.654-00', 'Rua do Farol', 'Bairro Novo', 'Olinda'),
('741.852.963-00', 'Rua Imperial', 'São José', 'Recife'),
('258.369.147-00', 'Rua 13 de Maio', 'Carmo', 'Olinda'),
('123.456.789-00', 'Rua da Saudade', 'Boa Vista', 'Recife'),
('987.654.321-00', 'Rua Bispo Coutinho', 'Amparo', 'Olinda'),
('456.789.123-00', 'Rua da Glória', 'Boa Vista', 'Recife'),
('654.321.987-00', 'Rua Prudente de Morais', 'Carmo', 'Olinda'),
('321.654.987-00', 'Rua Conselheiro Nabuco', 'Santo Antônio', 'Recife'),
('789.123.456-00', 'Avenida Sigismundo Gonçalves', 'Varadouro', 'Olinda'),
('213.546.879-00', 'Rua da Guia', 'Recife Antigo', 'Recife'),
('546.879.213-00', 'Rua Manuel Borba', 'Boa Vista', 'Recife'),
('879.213.546-00', 'Rua São Bento', 'Amparo', 'Olinda'),
('147.258.369-00', 'Avenida Conde da Boa Vista', 'Soledade', 'Recife');

INSERT INTO mydb.login (usuario_CPF, email, senha) VALUES
('369.258.147-00', 'tiago.mendes@email.com', 'senha123'),
('159.753.486-00', 'paula.freitas@email.com', 'paula456'),
('852.741.963-00', 'marcelo.araujo@email.com', 'm4rc3l0'),
('951.753.357-00', 'beatriz.moura@email.com', 'b3atriz!'),
('357.159.456-00', 'andre.santos@email.com', 'andr3s@ntos'),
('123.654.789-00', 'juliana.barreto@email.com', 'juli4n@'),
('654.789.321-00', 'rodrigo.cunha@email.com', 'cunh4Rod!'),
('987.321.654-00', 'carla.ribeiro@email.com', 'C4rlaRi!'),
('741.852.963-00', 'vinicius.lopes@email.com', 'v1n1Lop3s'),
('258.369.147-00', 'fernanda.silva@email.com', 'f3rn@silv@'),
('123.456.789-00', 'joao.silva@email.com', 'joao1234'),
('987.654.321-00', 'maria.oliveira@email.com', 'm4ria2023'),
('456.789.123-00', 'carlos.souza@email.com', 'c4rl0s123'),
('654.321.987-00', 'ana.costa@email.com', 'anaC2024'),
('321.654.987-00', 'luiza.martins@email.com', 'luiMartins'),
('789.123.456-00', 'pedro.almeida@email.com', 'pedr0!alm');

